time,bnorm,eigenvalue,group1diff
1,1.4077981419668,1.4077981419668,0.7798489140207
